HashTag,CreatedTime,LastModifiedTime,State
googlecloudready,2020-11-28 05:24:50,2020-11-28 05:24:50,Follow
github,2020-09-09 14:13:22,2020-09-09 14:13:22,Follow
66daysofdata,2020-09-01 07:54:29,2020-09-01 07:54:29,Follow
google,2020-08-11 02:02:01,2020-08-11 02:02:01,Follow
sqldf,2020-07-22 05:59:22,2020-07-22 05:59:22,Follow
flexdasboard,2020-07-20 02:52:04,2020-07-20 02:52:04,Follow
dailycoding,2020-06-25 10:36:08,2020-06-25 10:36:08,Follow
businessintelligence,2020-05-04 15:49:46,2020-05-04 15:49:46,Follow
java,2020-05-04 15:48:21,2020-05-04 15:48:21,Follow
plotly,2020-05-04 15:33:31,2020-05-04 15:33:31,Follow
summerinternship,2020-04-22 15:25:02,2020-04-22 15:25:02,Follow
intern,2020-04-21 10:06:28,2020-04-21 10:06:28,Follow
hacker,2020-04-21 10:05:52,2020-04-21 10:05:52,Follow
internships,2020-04-13 10:57:39,2020-04-13 10:57:39,Follow
internship,2020-04-07 09:25:17,2020-04-07 09:25:17,Follow
spark,2019-08-31 17:43:18,2019-08-31 17:43:18,Follow
salesforce,2019-08-17 09:12:31,2019-08-17 09:12:31,Follow
analytics,2019-08-11 01:29:22,2019-08-11 01:29:22,Follow
datascience,2019-08-02 04:34:26,2019-08-02 04:34:26,Follow
bigdata,2019-08-02 04:34:22,2019-08-02 04:34:22,Follow
hiring,2019-07-31 02:31:52,2019-07-31 02:31:52,Follow
jobs,2019-07-31 02:31:52,2019-07-31 02:31:52,Follow
datascientist,2019-07-28 01:43:11,2019-07-28 01:43:11,Follow
book,2019-07-26 05:06:48,2019-07-26 05:06:48,Follow
learndatascience,2019-07-26 05:02:17,2019-07-26 05:02:17,Follow
data,2019-07-21 15:06:03,2019-07-21 15:06:03,Follow
ai,2019-07-21 15:04:05,2019-07-21 15:04:05,Follow
voiceai,2019-06-11 15:05:56,2019-06-11 15:05:56,Follow
machinelearning,2019-06-10 01:44:47,2019-06-10 01:44:47,Follow
predictiveanalytics,2019-06-06 09:06:42,2019-06-06 09:06:42,Follow
digitalmarketing,2019-06-06 09:06:39,2019-06-06 09:06:39,Follow
scholarship,2019-06-02 02:27:06,2019-06-02 02:27:06,Follow
computing,2019-06-01 11:09:37,2019-06-01 11:09:37,Follow
jobinterviews,2019-04-05 21:22:16,2019-04-05 21:22:16,Follow
business,2019-04-05 21:22:14,2019-04-05 21:22:14,Follow
careercon,2019-03-19 05:16:25,2019-03-19 05:16:25,Follow
artificialintelligence,2018-11-14 03:16:24,2018-11-14 03:16:24,Follow
r,2018-11-12 15:47:50,2018-11-12 15:47:50,Follow
india,2018-03-21 10:15:13,2018-03-21 10:15:13,Follow
